ID;IZENA;ABIZENA;HELBIDEA;EMAILA
176;Gita;Logan;811 N Brandywine Ave, Schenectady, NY;gita.logan@cigna.com
177;Felicita;Alston;2904 S Salina St, Syracuse, NY;felicita.alston@unitedcontinentalholdings.com
178;Lela;Ewing;3025 Sussex Ave, Pittsburgh, PA;lela.ewing@allstate.com
179;Gabriel;Pollard;932 High St, Lancaster, PA;gabriel.pollard@tiaa.org
180;Vincenza;Walton;5344 Haverford Ave, Philadelphia, PA;vincenza.walton@intlfcstone.com
181;Shandra;Higgins;6959 Tulip St, Philadelphia, PA;shandra.higgins@chsinc.com
182;Thomasena;Pickett;511 S Central Ave # A, Baltimore, MD;thomasena.pickett@americanexpress.com
183;Aaron;Holder;400 E Joppa Rd, Baltimore, MD;aaron.holder@gilead.com
184;Carlos;Moody;1795 Wu Meng, Muang Chonburi, ;carlos.moody@publix.com
185;Javier;Kim;1796 Tsing Tao, Muang Nonthaburi, ;javier.kim@generaldynamics.com
186;Fran;Battle;1810 Tucker Crt, Mumbai, ;fran.battle@tjx.com
187;Shelia;Brewer;Walpurgisstr 69, Munich, ;shelia.brewer@conocophillips.com
188;Jeri;Randall;Sendlinger Tor 4, Munich, ;jeri.randall@nike.com
189;Jermaine;Cote;Theresienstr 15, Munich, ;jermaine.cote@wfscorp.com
190;Kenneth;Simmons;Via Frenzy 6903, Roma, ;kenneth.simmons@3m.com
191;Dulce;Matthews;1822 Ironweed St, Toronto, ONT;dulce.matthews@mondelezinternational.com
192;Kristle;Cain;Via Luminosa 162, Firenze, ;kristle.cain@exeloncorp.com
193;Erika;Murray;Via Notoriosa 1932 Rd, Firenze, ;erika.murray@21cf.com
194;Maud;Cohen;Via Notoriosa 1941, Firenze, ;maud.cohen@johndeere.com
195;Rolanda;Vang;Via Dolorosa 69, Tellaro, ;rolanda.vang@appliedmaterials.com
196;Renea;Carney;Via Notoriosa 1943, Firenze, ;renea.carney@dupont.com
197;Sybil;Harding;Via Luminosa 162, Tellaro, ;sybil.harding@avnet.com
198;Colette;Estrada;2017 Convoy St, Tokyo, ;colette.estrada@eastman.com
199;Maximo;Ortega;Via Di Firenze 231, Tellaro, ;maximo.ortega@macysinc.com
200;Kina;Larsen;Via Notoriosa 1949, Firenze, ;kina.larsen@enterpriseproducts.com
201;Jarvis;Allison;Via Frenzy 6903, Tellaro, ;jarvis.allison@travelers.com
202;Collene;Newton;Piazza Del Congresso 22, San Giminiano, ;collene.newton@sonicautomotive.com
203;Vella;Hancock;Piazza Quattre Stagioni 4, San Giminiano, ;vella.hancock@pmi.com
204;Retta;Martinez;Piazza Cacchiatore 23, San Giminiano, ;retta.martinez@riteaid.com
205;Annelle;Lawrence;Via Notoriosa 1932, Tellaro, ;annelle.lawrence@techdata.com
206;Sherron;Simon;Via Notoriosa 1949, Ventimiglia, ;sherron.simon@ally.com
207;Carita;Mcintyre;1831 No Wong, Peking, ;carita.mcintyre@northwesternmutual.com
208;Stephaine;Booker;Via Notoriosa 1942, Firenze, ;stephaine.booker@tsocorp.com
209;Emilie;Parsons;Via Delle Grazie 11, Tellaro, ;emilie.parsons@timewarner.com
210;Jaleesa;Bowen;2033 Spartacus St, Samutprakarn, ;jaleesa.bowen@cstbrands.com
211;Jeannie;Poole;2034 Sabrina Rd, Samutprakarn, ;jeannie.poole@aboutmcdonalds.com
212;Adrienne;Lang;Piazza Svizzera, Milano, ;adrienne.lang@qualcomm.com
213;Jess;Nguyen;Ruella Delle Spiriti, Milano, ;jess.nguyen@searsholdings.com
214;Tandy;House;Via Del Disegno 194, Milano, ;tandy.house@ebay.com
215;Herman;Stokes;Via Delle Capeletti 52, San Giminiano, ;herman.stokes@capitalone.com
216;Keesha;Lambert;Via Delle Grazie 11, San Giminiano, ;keesha.lambert@emc.com
217;Lauren;Williamson;Via Delli Capelli 2, San Giminiano, ;lauren.williamson@usaa.com
218;Lucius;Abbott;1592 Silverado St, Bangalore, Kar;lucius.abbott@lennar.com
219;Beatrice;Ford;1593 Silverado St, Bangalore, Kar;beatrice.ford@duke-energy.com
220;Tamisha;Vargas;1597 Legend St, Mysore, Kar;tamisha.vargas@twc.com
221;Dick;Lamb;1602 Sholay St, Chennai, Tam;dick.lamb@halliburton.com
222;Yolanda;Ball;1605 Bazigar Crt, Pune, ;yolanda.ball@gamestopcorp.com
223;Jerica;Brooks;1606 Sangam Blvd, New Delhi, ;jerica.brooks@northropgrumman.com
224;Nichol;Carter;1607 Sangam Blvd, New Delhi, ;nichol.carter@arrow.com
225;Bobby;Wilson;1609 Pakija Rd, New Delhi, ;bobby.wilson@rsac.com
226;Eve;Saunders;1612 Talaivar St, Chennai, Tam;eve.saunders@officedepTIENDA.com
227;Ginger;Atkinson;1613 Victoria St, Calcutta, ;ginger.atkinson@nordstrom.com
228;Kenton;Harrell;1614 Gitanjali Rd, Calcutta, ;kenton.harrell@kindermorgan.com
229;Misti;Velazquez;1615 Crackers Crt, Chennai - India, ;misti.velazquez@aramark.com
230;Brandie;Buchanan;1616 Mr. India Ln, Bombay - India, Kar;brandie.buchanan@davita.com
231;Kandi;Holden;1617 Crackers St, Bangalore - India, Kar;kandi.holden@molinahealthcare.com
232;Lashonda;Cunningham;1618 Villains St, New Delhi - India, ;lashonda.cunningham@wellcare.com
233;Roxanne;Michalkow;1619 Bowlers Rd, Chandigarh, Har;roxanne.michalkow@cbscorporation.com
234;Phuong;Sanders;1620 Sixers Crt, Bombay, Kar;phuong.sanders@visa.com
235;Vida;Kline;1622 Roja St, Chennai, Tam;vida.kline@lfg.com
236;Mayola;Houston;1623 Hey Ram St, Chennai - India, ;mayola.houston@ecolab.com
237;Cristine;Bell;1627 Sowdagar St, New Delhi, ;cristine.bell@kelloggcompany.com
238;Shamika;Bauer;1628 Pataudi St, New Delhi, ;shamika.bauer@chrobinson.com
239;Rebbeca;Day;1632 Splash St, Chandigarh, Har;rebbeca.day@textron.com
240;Maryrose;Cain;1636 Pretty Blvd, Bangalore, Kar;maryrose.cain@loews.com
241;Johnie;Rojas;1646 Brazil Blvd, Chennai, Tam;johnie.rojas@itw.com
242;Verla;Christian;1647 Suspense St, Cochin, Ker;verla.christian@synnex.com
243;Teressa;Hewitt;1648 Anamika St, Cochin, Ker;teressa.hewitt@hormelfoods.com
244;Shenna;Blair;1650 Teesri Manjil Crt, Kashmir, ;shenna.blair@viacom.com
245;Latoyia;Burt;1656 Veterans Rd, Chennai, Tam;latoyia.burt@hollyfrontier.com
246;Shaquita;Norman;1662 Talaivar St, Chennai, Tam;shaquita.norman@landolakesinc.com
247;Myrna;Romero;1667 2010 St, Batavia, Ker;myrna.romero@celgene.com
248;Bill;Stein;Piazza Del Congresso 22, Roma, ;bill.stein@devonenergy.com
249;Olivia;Conrad;Piazza Quattre Stagioni 4, Roma, ;olivia.conrad@pbfenergy.com
250;Marianne;Bryant;Piazza Svizzera, Roma, ;marianne.bryant@genworth.com
251;Dustin;Paul;Ruella Delle Spiriti, Roma, ;dustin.paul@yum.com
252;Elroy;Wolf;Via Del Disegno 194, Roma, ;elroy.wolf@ti.com
253;Jadwiga;Morrison;Via Delle Capeletti 52, Roma, ;jadwiga.morrison@cdw.com
254;Isabella;Ortega;Via Dello Croce 93, Roma, ;isabella.ortega@paypal.com
255;Katia;Case;Via Di Firenze 231, Roma, ;katia.case@wm.com
256;Enriqueta;Odom;Via Dolorosa 69, Roma, ;enriqueta.odom@mmc.com
257;Don;Hansen;Via Notoriosa 1942, Ventimiglia, ;don.hansen@chk.com
258;Herb;Sloan;Via Notoriosa 1943, Ventimiglia, ;herb.sloan@pricelinegroup.com
259;Blanche;Robbins;Canale Grande 2, Roma, ;blanche.robbins@parker.com
260;Gaynell;Burton;Piazza Cacchiatore 23, Roma, ;gaynell.burton@oxy.com
261;Marhta;Baldwin;Via Del Disegno 194, San Giminiano, ;marhta.baldwin@guardianlife.com
262;Peter;Gamble;Piazza Svizzera, San Giminiano, ;peter.gamble@mgmresorts.com
263;Nathan;Callahan;Via Dello Croce 93, Tellaro, ;nathan.callahan@farmers.com
264;Tereasa;Padilla;Via Dello Croce 93, San Giminiano, ;tereasa.padilla@jcpenney.com
119;Olga;Wilkins;220 Penn Ave # 300, Scranton, PA;olga.wilkins@phillips66.com
120;Delpha;Golden;135 S 18Th St # 1, Philadelphia, PA;delpha.golden@stryker.com
121;Sharell;Branch;522 Swede St, Norristown, PA;sharell.branch@ibm.com
122;Eleanor;Farley;7708 City Ave, Philadelphia, PA;eleanor.farley@valero.com
123;Justina;Hayes;1801 Lititz Pike, Lancaster, PA;justina.hayes@antheminc.com
124;Omer;Macdonald;101 E Olney Ave, Philadelphia, PA;omer.macdonald@pg.com
125;Roseline;Hill;612 Jefferson Ave, Scranton, PA;roseline.hill@airproducts.com
126;Janeen;Holt;223 4Th Ave # 1100, Pittsburgh, PA;janeen.holt@statefarm.com
127;Tory;Avila;36 W 34Th St, Erie, PA;tory.avila@google.com
128;Keila;Slater;1007 Mount Royal Blvd, Pittsburgh, PA;keila.slater@comcastcorporation.com
129;Jazmin;Burch;601 Market St, Philadelphia, PA;jazmin.burch@target.com
130;Tandy;Ramsey;5565 Baynton St, Philadelphia, PA;tandy.ramsey@wnr.com
131;Debra;Herring;5640 Fishers Ln, Rockville, MD;debra.herring@jnj.com
132;Monnie;Walker;5122 Sinclair Ln, Baltimore, MD;monnie.walker@metlife.com
133;Alvaro;Hooper;680 Bel Air Rd, Bel Air, MD;alvaro.hooper@adm.com
134;Leandro;West;4301 Ashland Ave, Baltimore, MD;leandro.west@marathonpetroleum.com
135;Lurline;Dennis;8004 Stansbury Rd, Baltimore, MD;lurline.dennis@freddiemac.com
136;Aurea;Sanders;10209 Yearling Dr, Rockville, MD;aurea.sanders@pepsico.com
137;Stacia;Rutledge;3000 Greenmount Ave, Baltimore, MD;stacia.rutledge@utc.com
138;Philomena;Elliott;200 E Fort Ave, Baltimore, MD;philomena.elliott@aetna.com
139;Gonzalo;Stone;1262 Vocke Rd, Cumberland, MD;gonzalo.stone@lowes.com
140;So;Hardin;3314 Eastern Ave, Baltimore, MD;so.hardin@ups.com
141;Lauren;Rodriquez;12817 Coastal Hwy, Ocean City, MD;lauren.rodriquez@aig.com
142;Loan;Patton;11200 Scaggsville Rd, Laurel, MD;loan.patton@prudential.com
143;Ha;Lowe;9435 Washington Blvd N # M, Laurel, MD;ha.lowe@intel.com
144;Alexandra;Mcgowan;2300 Harford Rd, Baltimore, MD;alexandra.mcgowan@humana.com
145;Melissa;Nichols;2 2Nd St # A, Ocean City, MD;melissa.nichols@disney.com
146;Keesha;Cohen;6917 W Oklahoma Ave, Milwaukee, WI;keesha.cohen@cisco.com
147;Elvera;Benson;206 S Broadway # 707, Rochester, MN;elvera.benson@pfizer.com
148;Lanora;Ray;160 Glenwood Ave, Minneapolis, MN;lanora.ray@dow.com
149;Jimmy;Weber;6915 Grand Ave, Hammond, IN;jimmy.weber@sysco.com
150;Mae;Wilkinson;2215 Oak Industrial Dr Ne, Grand Rapids, MI;mae.wilkinson@fedex.com
151;Lino;Noble;65 Cadillac Sq # 2701, Detroit, MI;lino.noble@caterpillar.com
152;Kathie;Jordan;3435 Tuscany Dr Se, Grand Rapids, MI;kathie.jordan@lockheedmartin.com
153;Heike;Emerson;215 4Th Ave Se, Cedar Rapids, IA;heike.emerson@newyorklife.com
154;Princess;Jones;1751 Madison Ave, Council Bluffs, IA;princess.jones@uhsinc.com
155;Doretha;Tyler;810 1St Ave, Council Bluffs, IA;doretha.tyler@coca-colacompany.com
156;Emilio;Duncan;500 W Oklahoma Ave, Milwaukee, WI;emilio.duncan@hcahealthcare.com
157;Glinda;Lambert;4811 S 76Th St # 205, Milwaukee, WI;glinda.lambert@ingrammicro.com
158;Emery;Schneider;310 Broadway St, Alexandria, MN;emery.schneider@owens-minor.com
159;Amado;Jefferson;1721 E Lake St, Minneapolis, MN;amado.jefferson@energytransfer.com
160;Hisako;Herrera;255 Great Arrow Ave, Buffalo, NY;hisako.herrera@tysonfoods.com
161;Jamee;Mclaughlin;800 Carter St, Rochester, NY;jamee.mclaughlin@aa.com
162;Audrie;Cannon;6640 Campbell Blvd, Lockport, NY;audrie.cannon@delta.com
163;Lacey;Walters;802 North Ave, Pittsburgh, PA;lacey.walters@charter.com
164;Weldon;Robinson;1136 Arch St, Philadelphia, PA;weldon.robinson@nationwide.com
165;Solange;Gates;6Th And Master St, Philadelphia, PA;solange.gates@johnsoncontrols.com
166;Jame;Calhoun;Rt 6 E, Warren, PA;jame.calhoun@bestbuy.com
167;Stefan;Walters;1924 Bedford St, Cumberland, MD;stefan.walters@merck.com
168;Arlene;Elliott;2674 Collingwood St, Detroit, MI;arlene.elliott@advanceautoparts.com
169;Sofia;Burnett;2713 N Bendix Dr, South Bend, IN;sofia.burnett@libertymutual.com
170;Christal;Grant;23985 Bedford Rd N, Battle Creek, MI;christal.grant@gs.com
171;Violeta;Stokes;752 W Huron St, Pontiac, MI;violeta.stokes@honeywell.com
172;Jackeline;Finley;660 Woodward Ave # 2290, Detroit, MI;jackeline.finley@mastercard.com
173;Heidy;Massey;1330 N Memorial Dr, Racine, WI;heidy.massey@massmutual.com
174;Yolando;Wilkerson;701 Seneca St, Buffalo, NY;yolando.wilkerson@oracle.com
175;Lucinda;Hurley;8 Automation Ln, Albany, NY;lucinda.hurley@morganstanley.com
265;Merrilee;Phillips;Ruella Delle Spiriti, San Giminiano, ;merrilee.phillips@conedison.com
266;Tisha;Mcdonald;Via Delle Capeletti 52, San Giminiano, ;tisha.mcdonald@autoliv.com
267;Napoleon;Cruz;Via Delli Capelli 2, Tellaro, ;napoleon.cruz@cognizant.com
268;Basilia;Downs;1971 Limelight Blvd, Samutprakarn, ;basilia.downs@vfc.com
269;Alessandra;Estrada;Harmoniegasse 3, Baden-Daettwil, AG;alessandra.estrada@ameriprise.com
270;Sherron;Flores;Sonnenberg 4, Baden-Daettwil, AG;sherron.flores@fnf.com
271;Elicia;Townsend;Alfred E. Neumann-Weg 3, Baden-Daettwil, AG;elicia.townsend@csc.com
272;Percy;Hernandez;Dr. Herbert Bitto Str 23, Baden-Daettwil, AG;percy.hernandez@lb.com
273;Shelia;Cain;Taefernstr 4, Baden-Daettwil, AG;shelia.cain@jacobs.com
274;Charlene;Booker;Kreuzritterplatz 5, Baden-Daettwil, AG;charlene.booker@republicservices.com
275;Mac;Mckay;Helebardenweg 5, Baden-Daettwil, AG;mac.mckay@principal.com
276;Jamison;Merritt;Zum Freundlichen Nachbarn 5, Baden-Daettwil, AG;jamison.merritt@rossstores.com
277;Quinton;Woods;Ziegenwiese 3, Baden-Daettwil, AG;quinton.woods@bedbathandbeyond.com
278;Cathey;Mcdowell;Am Waldrand 5, Baden-Daettwil, AG;cathey.mcdowell@csx.com
279;Deneen;Hays;Zur Kantine 9, Baden-Daettwil, AG;deneen.hays@toysrusinc.com
280;Jackson;Morin;Grosse Bahnhostrasse 3, Baden-Daettwil, AG;jackson.morin@sands.com
281;Margo;Hoffman;Paradeplatz 4, Zuerich, ZH;margo.hoffman@leucadia.com
282;Adah;Myers;Badenerstr 1941, Zuerich, ZH;adah.myers@dom.com
283;Florene;Craig;Welschdoerfchen 1941, Chur, ZH;florene.craig@ussteel.com
284;Janey;Burris;Le Reduit, Tschiertschen, GR;janey.burris@l-3com.com
285;Evelina;Campbell;Bendlehn, Trogen, SG;evelina.campbell@edisoninvestor.com
286;Thi;Maxwell;Spisertor 3, St. Gallen, SG;thi.maxwell@entergy.com
287;Aleshia;Reese;Langstr 14, Zuerich, ZH;aleshia.reese@adp.com
288;Dorotha;Wong;Roessligasse 4, Zurich, ZH;dorotha.wong@firstdata.com
289;Estela;Donovan;Zum Froehlichen Schweizer 3, Zurich, ZH;estela.donovan@blackrock.com
290;Hassan;Rivers;Chrottenweg, Bern, BE;hassan.rivers@westrock.com
291;Jen;Mcmahon;Bruppacher Str 3, Baden-Daettwil, AG;jen.mcmahon@voya.com
292;Barbie;Carter;Limmatquai, Zuerich, ZH;barbie.carter@sherwin.com
293;Cleo;English;Dreikoenigsstr 3, Zurich, ZH;cleo.english@hiltonworldwide.com
294;Liana;Pena;Pfannenstilstr 13, Egg, ZH;liana.pena@corning.com
295;Francina;Slater;Kreuzstr 32, Zurich, ZH;francina.slater@rrdonnelley.com
296;Josie;Steele;1539 Stripes Rd, Baden-Daettwil, AG;josie.steele@stanleyblackanddecker.com
297;Maryrose;Roberson;1540 Stripes Crt, Baden-Daettwil, AG;maryrose.roberson@xcelenergy.com
298;Elly;Salinas;1592 Silverado St, Bangalore, Kar;elly.salinas@kiewit.com
299;Ginny;Carlson;1593 Silverado St, Bangalore, Kar;ginny.carlson@orate.murphyusa.com
300;Mozelle;Schneider;1596 Commando Blvd, Bangalore, Kar;mozelle.schneider@cbre.com
301;Adam;Jacobs;1598 Legend St, Bangalore, Kar;adam.jacobs@univar.com
302;Vernia;Hayes;1599 Legend Rd, Bangalore, Kar;vernia.hayes@drhorton.com
303;Ismael;Solomon;1600 Target Crt, Bangalore, Kar;ismael.solomon@elcompanies.com
304;Ivey;Rutledge;1603 Rebel St, Bangalore, Kar;ivey.rutledge@praxair.com
305;Jame;Terrell;1604 Volunteers Rd, Bangalore, Kar;jame.terrell@biogen.com
306;Daina;Combs;1606 Volunteers Blvd, Bangalore, Kar;daina.combs@mosaicco.com
307;Lashunda;Davidson;1607 Abwdrts St, Bangalore, Kar;lashunda.davidson@statestreet.com
308;Arlette;Thornton;1608 Amadeus St, Bangalore, Kar;arlette.thornton@unum.com
309;Darron;Robertson;1610 Betrayal Crt, Bangalore, Kar;darron.robertson@reynoldsamerican.com
310;Maple;Barnett;1611 Carmen Blvd, Bangalore, Kar;maple.barnett@core-mark.com
311;Charlsie;Carey;1614 Crackers Rd, Bangalore - India, Kar;charlsie.carey@group1auto.com
312;Frank;Shannon;1615 Crackers Crt, Bangalore - India, Kar;frank.shannon@henryschein.com
313;Josiah;Beasley;1616 Crackers Blvd, Bangalore - India, Kar;josiah.beasley@hertz.com
314;Annabelle;Butler;1617 Crackers St, Bangalore - India, Kar;annabelle.butler@thrivent.com
315;Ed;Mueller;1618 Footloose St, Bangalore - India, Kar;ed.mueller@nscorp.com
316;Colleen;Estrada;1619 Footloose Rd, Bangalore - India, Kar;colleen.estrada@rgare.com
317;Nikia;Kent;1621 Gargon! Blvd, Bangalore - India, Kar;nikia.kent@pseg.com
318;Amber;Brady;1667 2010 St, Batavia, IL;amber.brady@c-a-m.com
319;Wendell;Massey;1668 Chong Tao, Beijing, ;wendell.massey@bbt.com
1;Flor;Stone;514 W Superior St, Kokomo, IN;flor.stone@raytheon.com
2;Lavera;Emerson;2515 Bloyd Ave, Indianapolis, IN;lavera.emerson@plainsallamerican.com
3;Fern;Head;8768 N State Rd 37, Bloomington, IN;fern.head@usfoods.com
4;Shyla;Ortiz;6445 Bay Harbor Ln, Indianapolis, IN;shyla.ortiz@abbvie.com
5;Jeni;Levy;4019 W 3Rd St, Bloomington, IN;jeni.levy@centene.com
6;Matthias;Hannah;1608 Portage Ave, South Bend, IN;matthias.hannah@chs.net
7;Matthias;Cruise;23943 Us Highway 33, Elkhart, IN;matthias.cruise@alcoa.com
8;Meenakshi;Mason;136 E Market St # 800, Indianapolis, IN;meenakshi.mason@internationalpaper.com
9;Christian;Cage;1905 College St, South Bend, IN;christian.cage@emerson.com
10;Charlie;Sutherland;3512 Rockville Rd # 137C, Indianapolis, IN;charlie.sutherland@up.com
11;Charlie;Pacino;1303 E University St, Bloomington, IN;charlie.pacino@amgen.com
12;Guillaume;Jackson;115 N Weinbach Ave, Evansville, IN;guillaume.jackson@usbank.com
13;Daniel;Costner;2067 Rollett Ln, Evansville, IN;daniel.costner@staples.com
14;Dianne;Derek;1105 E Allendale Dr, Bloomington, IN;dianne.derek@danaher.com
15;Geraldine;Schneider;18305 Van Dyke St, Detroit, MI;geraldine.schneider@whirlpoolcorp.com
16;Geraldine;Martin;Lucas Dr Bldg 348, Detroit, MI;geraldine.martin@aflac.com
17;Guillaume;Edwards;1801 Monroe Ave Nw, Grand Rapids, MI;guillaume.edwards@autonation.com
18;Maurice;Mahoney;4925 Kendrick St Se, Grand Rapids, MI;maurice.mahoney@progressive.com
19;Maurice;Hasan;3310 Dixie Ct, Saginaw, MI;maurice.hasan@abbott.com
20;Diane;Higgins;113 Washington Sq N, Lansing, MI;diane.higgins@dollargeneral.com
21;Dianne;Sen;2500 S Pennsylvania Ave, Lansing, MI;dianne.sen@tenethealth.com
22;Maurice;Daltrey;3213 S Cedar St, Lansing, MI;maurice.daltrey@lilly.com
23;Tess;Roth;8110 Jackson Rd, Ann Arbor, MI;tess.roth@dteenergy.com
24;Ka;Kaufman;6654 W Lafayette St, Detroit, MI;ka.kaufman@southwest.com
25;Sharyl;Montoya;27 Benton Rd, Saginaw, MI;sharyl.montoya@penskeautomotive.com
26;Daniel;Glass;8201 Livernois Ave, Detroit, MI;daniel.glass@manpowergroup.com
27;Rena;Arnold;101 N Falahee Rd, Jackson, MI;rena.arnold@assurant.com
28;Arlyne;Ingram;3100 E Eisenhower Pky # 100, Ann Arbor, MI;arlyne.ingram@kohlscorporation.com
29;Willie;Barrera;952 Vassar Dr, Kalamazoo, MI;willie.barrera@starbucks.com
30;Mireya;Cochran;150 W Jefferson Ave # 2500, Detroit, MI;mireya.cochran@paccar.com
31;Marlene;Odom;40 Pearl St Nw # 1020, Grand Rapids, MI;marlene.odom@cummins.com
32;Jaclyn;Atkinson;1135 Catherine St, Ann Arbor, MI;jaclyn.atkinson@globalp.com
33;Al;Schultz;301 E Genesee Ave, Saginaw, MI;al.schultz@altria.com
34;Felicitas;Riley;9936 Dexter Ave, Detroit, MI;felicitas.riley@xerox.com
35;Cora;Calhoun;1660 University Ter, Ann Arbor, MI;cora.calhoun@kimberly-clark.com
36;Trula;Buckley;15713 N East St, Lansing, MI;trula.buckley@thehartford.com
37;Sasha;Wallace;555 John F Kennedy Rd, Dubuque, IA;sasha.wallace@huntsman.com
38;Caitlin;Hill;10315 Hickman Rd, Des Moines, IA;caitlin.hill@kraftheinzcompany.com
39;Gino;Pickett;2115 N Towne Ln Ne, Cedar Rapids, IA;gino.pickett@lear.com
40;Amira;Macdonald;1928 Sherwood Dr, Council Bluffs, IA;amira.macdonald@fluor.com
41;Mack;Morse;2102 E Kimberly Rd, Davenport, IA;mack.morse@aecom.com
42;Eboni;Jarvis;1691 Asbury Rd, Dubuque, IA;eboni.jarvis@bd.com
43;Gabrielle;Dennis;5112 Sw 9Th St, Des Moines, IA;gabrielle.dennis@facebook.com
44;Classie;Norris;221 3Rd Ave Se # 300, Cedar Rapids, IA;classie.norris@jabil.com
45;Khalilah;Holman;2120 Heights Dr, Eau Claire, WI;khalilah.holman@centurylink.com
46;Isreal;Rose;8989 N Port Washington Rd, Milwaukee, WI;isreal.rose@supervalu.com
47;Verena;Hopper;6555 W Good Hope Rd, Milwaukee, WI;verena.hopper@generalmills.com
48;Audie;Flores;1314 N Stoughton Rd, Madison, WI;audie.flores@southerncompany.com
49;Gertrude;Cooke;4715 Sprecher Rd, Madison, WI;gertrude.cooke@nexteraenergy.com
50;Princess;Kane;6161 N 64Th St, Milwaukee, WI;princess.kane@thermofisher.com
51;Jacinta;Faulkner;11016 W Lincoln Ave, Milwaukee, WI;jacinta.faulkner@aep.com
52;Lashon;Wall;8600 W National Ave, Milwaukee, WI;lashon.wall@pge.com
53;Corliss;Mcneil;615 N Sherman Ave, Madison, WI;corliss.mcneil@nglenergypartners.com
54;Brock;Webb;512 E Grand Ave, Beloit, WI;brock.webb@bms.com
55;Melany;Mcmahon;600 N Broadway Fl 1, Milwaukee, WI;melany.mcmahon@goodyear.com
56;Rogelio;Kirby;5235 N Ironwood Ln, Milwaukee, WI;rogelio.kirby@nucor.com
57;Wallace;Dillard;322 E Michigan St, Milwaukee, WI;wallace.dillard@pnc.com
58;Gia;Boyle;1400 Bellinger St Fl 4, Eau Claire, WI;gia.boyle@healthnet.com
59;Tennie;Gay;411 E Wisconsin Ave # 2550, Milwaukee, WI;tennie.gay@micron.com
60;Ophelia;Hurst;808 3Rd St # 100, Wausau, WI;ophelia.hurst@colgatepalmolive.com
61;Ciara;Flowers;300 Crooks St, Green Bay, WI;ciara.flowers@fcx.com
62;Birgit;Stephenson;122 E Dayton St, Madison, WI;birgit.stephenson@conagrafoods.com
63;Shameka;Spencer;633 S Hawley Rd, Milwaukee, WI;shameka.spencer@sempra.com
64;Alysa;Kane;2122 Campbell Rd, La Crosse, WI;alysa.kane@gapinc.com
65;Fransisca;Reeves;3324 N Oakland Ave, Milwaukee, WI;fransisca.reeves@bakerhughes.com
66;Jessika;Merritt;666 22Nd Ave Ne, Minneapolis, MN;jessika.merritt@bnymellon.com
67;Agustina;Conner;1501 Lowry Ave N, Minneapolis, MN;agustina.conner@dollartree.com
68;Roxanna;Wade;113 N 1St St, Minneapolis, MN;roxanna.wade@autozone.com
69;Virgie;Mays;4200 Yosemite Ave S, Minneapolis, MN;virgie.mays@wholefoodsmarket.com
70;Trang;Mcconnell;2800 Chicago Ave # 100, Minneapolis, MN;trang.mcconnell@ppg.com
71;Nada;West;200 1St St Sw, Rochester, MN;nada.west@genpt.com
72;Catherina;Haney;314 W Superior St # 1015, Duluth, MN;catherina.haney@ielp.com
73;Harriette;Melton;1409 Willow St # 600, Minneapolis, MN;harriette.melton@navistar.com
74;Willette;Rodgers;2720 Brewerton Rd, Syracuse, NY;willette.rodgers@pfgc.com
75;Calandra;Williamson;2134 W Genesee St, Syracuse, NY;calandra.williamson@omnicomgroup.com
76;Tamatha;Delgado;1522 Main St, Niagara Falls, NY;tamatha.delgado@dish.com
77;Felix;Ferguson;49 N Pine Ave, Albany, NY;felix.ferguson@firstenergycorp.com
78;Elwood;Hampton;726 Union St, Hudson, NY;elwood.hampton@precast.com
79;Josh;Roach;137 Lark St, Albany, NY;josh.roach@monsanto.com
80;Luanna;Scott;33 Fulton St, Poughkeepsie, NY;luanna.scott@aes.com
81;Meryl;Cole;2360 Maxon Rd, Schenectady, NY;meryl.cole@carmax.com
82;Jannet;Elliott;85 High St, Buffalo, NY;jannet.elliott@discoverfinancial.com
83;Fae;Glenn;1 Palisade Ave Fl 2, Yonkers, NY;fae.glenn@nov.com
84;Francisco;Cummings;500 S Salina St # 500, Syracuse, NY;francisco.cummings@nrgenergy.com
85;Ermelinda;Benton;33 Pine St, Lockport, NY;ermelinda.benton@westerndigital.com
86;Lasonya;Beard;Po Box 2152, Buffalo, NY;lasonya.beard@marriott.com
87;Rayna;Tran;2979 Hamburg St, Schenectady, NY;rayna.tran@libertyinteractive.com
88;Annice;Boyer;1790 Grand Blvd, Schenectady, NY;annice.boyer@walmart.com
89;Ja;Whitfield;7 Ingelside Ln, White Plains, NY;ja.whitfield@exxonmobil.com
90;Jaime;Lester;18 Glenridge Rd, Schenectady, NY;jaime.lester@apple.com
91;Charlsie;Lindsey;6432 Rising Sun Ave, Philadelphia, PA;charlsie.lindsey@berkshirehathaway.com
92;Jannette;Henry;Rr 10, Reading, PA;jannette.henry@mckesson.com
93;Margart;Mccall;2455 Rose Garden Rd, Pittsburgh, PA;margart.mccall@unitedhealthgroup.com
94;Twanna;Cleveland;1812 Timberline Rd, Altoona, PA;twanna.cleveland@cvshealth.com
95;Bronwyn;Horn;141 Schiller St, Reading, PA;bronwyn.horn@gm.com
96;Jon;Petersen;1126 Pawlings Rd, Norristown, PA;jon.petersen@ford.com
97;Denny;Daniel;55 Church Hill Rd, Reading, PA;denny.daniel@att.com
98;Avis;Moore;354 N Prince St, Lancaster, PA;avis.moore@ge.com
99;Eden;Burke;115 Chestnut St, Philadelphia, PA;eden.burke@amerisourcebergen.com
100;Elisha;Lloyd;2899 Grand Ave, Pittsburgh, PA;elisha.lloyd@verizon.com
101;Samara;Barnett;Po Box 39, Indiana, PA;samara.barnett@chevron.com
102;Nadia;Sawyer;1604 Broadway Ave, Pittsburgh, PA;nadia.sawyer@costco.com
103;Melita;Holcomb;4734 Liberty Ave, Pittsburgh, PA;melita.holcomb@fanniemae.com
104;Evita;Dickerson;21 Thornwood Rd, Harrisburg, PA;evita.dickerson@thekrogerco.com
105;Aundrea;Barry;3725 W Lake Rd, Erie, PA;aundrea.barry@amazon.com
106;Irvin;Leach;1808 4Th Ave, Altoona, PA;irvin.leach@walgreensbootsalliance.com
107;Kellee;Molina;Station Sq, Pittsburgh, PA;kellee.molina@hp.com
108;Ronny;Sykes;4020 Garden Ave, Erie, PA;ronny.sykes@cardinal.com
109;Ocie;Walton;100 N Peach St, Philadelphia, PA;ocie.walton@express-scripts.com
110;Reva;Fuller;835 Heister Ln, Reading, PA;reva.fuller@jpmorganchase.com
111;Marica;Henderson;378 S Negley Ave, Pittsburgh, PA;marica.henderson@grainger.com
112;Vanetta;Gross;5643 N 5Th St, Philadelphia, PA;vanetta.gross@boeing.com
113;Audrea;Hayden;1401 W Warren Rd, Bradford, PA;audrea.hayden@microsoft.com
114;Neda;Mcfadden;815 Freeport Rd, Pittsburgh, PA;neda.mcfadden@bankofamerica.com
115;Dell;Wilkinson;327 N Washington Ave # 300, Scranton, PA;dell.wilkinson@wellsfargo.com
116;Sharee;Carver;810 Race St, Philadelphia, PA;sharee.carver@baxter.com
117;Joaquina;Mcconnell;4901 Locust Ln, Harrisburg, PA;joaquina.mcconnell@homedepTIENDA.com
118;Carlyn;Calderon;3376 Perrysville Ave, Pittsburgh, PA;carlyn.calderon@citigroup.com
